[
    {
        "pk": 1, 
        "model": "stores.storeaddress", 
        "fields": {
            "first_name": null, 
            "last_name": "", 
            "search_text": "Lower Ground Floor 234 Collins Street (between Elizabeth and Swanston Streets) Melbourne VIC 3000 AUSTRALIA", 
            "title": null, 
            "country": "AU", 
            "line4": "Melbourne", 
            "line3": "(between Elizabeth and Swanston Streets)", 
            "line2": "234 Collins Street", 
            "line1": "Lower Ground Floor", 
            "state": "VIC", 
            "postcode": "3000", 
            "store": 1
        }
    }, 
    {
        "pk": 2, 
        "model": "stores.storeaddress", 
        "fields": {
            "first_name": null, 
            "last_name": "", 
            "search_text": "1-3 Mitchell Street Bendigo VIC 3550 AUSTRALIA", 
            "title": null, 
            "country": "AU", 
            "line4": "Bendigo", 
            "line3": "", 
            "line2": "", 
            "line1": "1-3 Mitchell Street", 
            "state": "VIC", 
            "postcode": "3550", 
            "store": 2
        }
    }, 
    {
        "pk": 3, 
        "model": "stores.storeaddress", 
        "fields": {
            "first_name": null, 
            "last_name": "", 
            "search_text": "The Well Shopping Centre Shop 114 793 Burke Rd Camberwell VIC 3124 AUSTRALIA", 
            "title": null, 
            "country": "AU", 
            "line4": "Camberwell", 
            "line3": "", 
            "line2": "793 Burke Rd", 
            "line1": "The Well Shopping Centre Shop 114", 
            "state": "VIC", 
            "postcode": "3124", 
            "store": 3
        }
    }, 
    {
        "pk": 4, 
        "model": "stores.storeaddress", 
        "fields": {
            "first_name": null, 
            "last_name": "", 
            "search_text": "Shop 31-32 45 Collins Street Melbourne VIC 3000 AUSTRALIA", 
            "title": null, 
            "country": "AU", 
            "line4": "Melbourne", 
            "line3": "", 
            "line2": "45 Collins Street", 
            "line1": "Shop 31-32", 
            "state": "VIC", 
            "postcode": "3000", 
            "store": 4
        }
    }, 
    {
        "pk": 5, 
        "model": "stores.storeaddress", 
        "fields": {
            "first_name": null, 
            "last_name": "", 
            "search_text": "Shop 1055 Westfield Shoppingtown Doncaster VIC 3108 AUSTRALIA", 
            "title": null, 
            "country": "AU", 
            "line4": "Doncaster", 
            "line3": "", 
            "line2": "Westfield Shoppingtown", 
            "line1": "Shop 1055", 
            "state": "VIC", 
            "postcode": "3108", 
            "store": 5
        }
    }, 
    {
        "pk": 6, 
        "model": "stores.storeaddress", 
        "fields": {
            "first_name": null, 
            "last_name": "", 
            "search_text": "Shop G126 Eastland Shopping Centre 171-175 Maroondah Highway Ringwood VIC 3134 AUSTRALIA", 
            "title": null, 
            "country": "AU", 
            "line4": "Ringwood", 
            "line3": "171-175 Maroondah Highway", 
            "line2": "Eastland Shopping Centre", 
            "line1": "Shop G126", 
            "state": "VIC", 
            "postcode": "3134", 
            "store": 6
        }
    }, 
    {
        "pk": 7, 
        "model": "stores.storeaddress", 
        "fields": {
            "first_name": null, 
            "last_name": "", 
            "search_text": "Shop 2075/6 Westfield Fountain Gate 352 Princes Hwy Melbourne VIC 3085 AUSTRALIA", 
            "title": null, 
            "country": "AU", 
            "line4": "Melbourne", 
            "line3": "352 Princes Hwy", 
            "line2": "Westfield Fountain Gate", 
            "line1": "Shop 2075/6", 
            "state": "VIC", 
            "postcode": "3085", 
            "store": 7
        }
    }, 
    {
        "pk": 8, 
        "model": "stores.storeaddress", 
        "fields": {
            "first_name": null, 
            "last_name": "", 
            "search_text": "Shops 5-9 Market Square Cnr Malop and Moorabool Streets Market Square Geelong VIC 3220 AUSTRALIA", 
            "title": null, 
            "country": "AU", 
            "line4": "Geelong", 
            "line3": "", 
            "line2": "Cnr Malop and Moorabool Streets Market Square", 
            "line1": "Shops 5-9 Market Square", 
            "state": "VIC", 
            "postcode": "3220", 
            "store": 8
        }
    }, 
    {
        "pk": 1, 
        "model": "stores.storecontact", 
        "fields": {
            "phone": "(03) 9848 7209", 
            "manager_name": "", 
            "store": 5, 
            "email": "doncaster@dymocks.com.au"
        }
    }, 
    {
        "pk": 1, 
        "model": "stores.store", 
        "fields": {
            "group": null, 
            "description": "Dymocks @ Collins Street", 
            "reference": "1049", 
            "image": "images/stores/dymocks-collins.jpg", 
            "is_active": true, 
            "location": "POINT (144.9655940000000101 -37.8153039999999976)", 
            "is_pickup_store": true, 
            "slug": "dymocks-234-collins-st-melbourne", 
            "name": "Collins St (Melbourne)"
        }
    }, 
    {
        "pk": 2, 
        "model": "stores.store", 
        "fields": {
            "group": null, 
            "description": "Dymocks @ Bendigo", 
            "reference": "1053", 
            "image": "images/stores/dymocks-bendigo.jpg", 
            "is_active": true, 
            "location": "POINT (144.2788820000000101 -36.7597870000000029)", 
            "is_pickup_store": true, 
            "slug": "bendigo", 
            "name": "Bendigo"
        }
    }, 
    {
        "pk": 3, 
        "model": "stores.store", 
        "fields": {
            "group": null, 
            "description": "", 
            "reference": "1029", 
            "image": "images/stores/dymocks-camberwell.jpg", 
            "is_active": true, 
            "location": "POINT (144.9628399999999999 -37.8268959999999979)", 
            "is_pickup_store": true, 
            "slug": "camberwell", 
            "name": "Camberwell"
        }
    }, 
    {
        "pk": 4, 
        "model": "stores.store", 
        "fields": {
            "group": null, 
            "description": "", 
            "reference": "1058", 
            "image": "images/stores/dymocks-collins-place.jpg", 
            "is_active": true, 
            "location": "POINT (144.9724170000000072 -37.8138310000000004)", 
            "is_pickup_store": true, 
            "slug": "collins-place", 
            "name": "Collins Place"
        }
    }, 
    {
        "pk": 5, 
        "model": "stores.store", 
        "fields": {
            "group": null, 
            "description": "", 
            "reference": "1026", 
            "image": "images/stores/dymocks-doncaster.jpg", 
            "is_active": true, 
            "location": "POINT (145.1255989999999940 -37.7843930000000015)", 
            "is_pickup_store": true, 
            "slug": "dymocks-doncaster", 
            "name": "Dymocks Doncaster"
        }
    }, 
    {
        "pk": 6, 
        "model": "stores.store", 
        "fields": {
            "group": null, 
            "description": "", 
            "reference": "1079", 
            "image": "images/stores/dymocks-eastland.jpg", 
            "is_active": true, 
            "location": "POINT (145.2301799999999901 -37.8123780000000025)", 
            "is_pickup_store": true, 
            "slug": "eastland", 
            "name": "Eastland"
        }
    }, 
    {
        "pk": 7, 
        "model": "stores.store", 
        "fields": {
            "group": null, 
            "description": "", 
            "reference": "1169", 
            "image": "images/stores/dymocks-fountain-gate.jpg", 
            "is_active": true, 
            "location": "POINT (145.3043189999999925 -38.0173150000000035)", 
            "is_pickup_store": true, 
            "slug": "fountain-gate", 
            "name": "Fountain Gate"
        }
    }, 
    {
        "pk": 8, 
        "model": "stores.store", 
        "fields": {
            "group": null, 
            "description": "", 
            "reference": "1146", 
            "image": "images/stores/dymocks-geelong.jpg", 
            "is_active": true, 
            "location": "POINT (144.3618209999999920 -38.1478159999999988)", 
            "is_pickup_store": true, 
            "slug": "geelong", 
            "name": "Geelong"
        }
    }, 
    {
        "pk": 1, 
        "model": "stores.openingperiod", 
        "fields": {
            "start": "8:30", 
            "end": "5:30", 
            "weekday": 1, 
            "store": 1
        }
    }, 
    {
        "pk": 8, 
        "model": "stores.openingperiod", 
        "fields": {
            "start": "8:30", 
            "end": "5:30", 
            "weekday": 1, 
            "store": 2
        }
    }, 
    {
        "pk": 15, 
        "model": "stores.openingperiod", 
        "fields": {
            "start": "8:30", 
            "end": "5:30", 
            "weekday": 1, 
            "store": 3
        }
    }, 
    {
        "pk": 22, 
        "model": "stores.openingperiod", 
        "fields": {
            "start": "8:30", 
            "end": "5:30", 
            "weekday": 1, 
            "store": 4
        }
    }, 
    {
        "pk": 29, 
        "model": "stores.openingperiod", 
        "fields": {
            "start": "8:30", 
            "end": "5:30", 
            "weekday": 1, 
            "store": 5
        }
    }, 
    {
        "pk": 36, 
        "model": "stores.openingperiod", 
        "fields": {
            "start": "8:30", 
            "end": "5:30", 
            "weekday": 1, 
            "store": 6
        }
    }, 
    {
        "pk": 43, 
        "model": "stores.openingperiod", 
        "fields": {
            "start": "8:30", 
            "end": "5:30", 
            "weekday": 1, 
            "store": 7
        }
    }, 
    {
        "pk": 50, 
        "model": "stores.openingperiod", 
        "fields": {
            "start": "8:30", 
            "end": "5:30", 
            "weekday": 1, 
            "store": 8
        }
    }, 
    {
        "pk": 2, 
        "model": "stores.openingperiod", 
        "fields": {
            "start": "8:30", 
            "end": "5:30", 
            "weekday": 2, 
            "store": 1
        }
    }, 
    {
        "pk": 9, 
        "model": "stores.openingperiod", 
        "fields": {
            "start": "8:30", 
            "end": "5:30", 
            "weekday": 2, 
            "store": 2
        }
    }, 
    {
        "pk": 16, 
        "model": "stores.openingperiod", 
        "fields": {
            "start": "8:30", 
            "end": "5:30", 
            "weekday": 2, 
            "store": 3
        }
    }, 
    {
        "pk": 23, 
        "model": "stores.openingperiod", 
        "fields": {
            "start": "8:30", 
            "end": "5:30", 
            "weekday": 2, 
            "store": 4
        }
    }, 
    {
        "pk": 30, 
        "model": "stores.openingperiod", 
        "fields": {
            "start": "8:30", 
            "end": "5:30", 
            "weekday": 2, 
            "store": 5
        }
    }, 
    {
        "pk": 37, 
        "model": "stores.openingperiod", 
        "fields": {
            "start": "8:30", 
            "end": "5:30", 
            "weekday": 2, 
            "store": 6
        }
    }, 
    {
        "pk": 44, 
        "model": "stores.openingperiod", 
        "fields": {
            "start": "8:30", 
            "end": "5:30", 
            "weekday": 2, 
            "store": 7
        }
    }, 
    {
        "pk": 51, 
        "model": "stores.openingperiod", 
        "fields": {
            "start": "8:30", 
            "end": "5:30", 
            "weekday": 2, 
            "store": 8
        }
    }, 
    {
        "pk": 3, 
        "model": "stores.openingperiod", 
        "fields": {
            "start": "8:30", 
            "end": "5:30", 
            "weekday": 3, 
            "store": 1
        }
    }, 
    {
        "pk": 10, 
        "model": "stores.openingperiod", 
        "fields": {
            "start": "8:30", 
            "end": "5:30", 
            "weekday": 3, 
            "store": 2
        }
    }, 
    {
        "pk": 17, 
        "model": "stores.openingperiod", 
        "fields": {
            "start": "8:30", 
            "end": "5:30", 
            "weekday": 3, 
            "store": 3
        }
    }, 
    {
        "pk": 24, 
        "model": "stores.openingperiod", 
        "fields": {
            "start": "8:30", 
            "end": "5:30", 
            "weekday": 3, 
            "store": 4
        }
    }, 
    {
        "pk": 31, 
        "model": "stores.openingperiod", 
        "fields": {
            "start": "8:30", 
            "end": "5:30", 
            "weekday": 3, 
            "store": 5
        }
    }, 
    {
        "pk": 38, 
        "model": "stores.openingperiod", 
        "fields": {
            "start": "8:30", 
            "end": "5:30", 
            "weekday": 3, 
            "store": 6
        }
    }, 
    {
        "pk": 45, 
        "model": "stores.openingperiod", 
        "fields": {
            "start": "8:30", 
            "end": "5:30", 
            "weekday": 3, 
            "store": 7
        }
    }, 
    {
        "pk": 52, 
        "model": "stores.openingperiod", 
        "fields": {
            "start": "8:30", 
            "end": "5:30", 
            "weekday": 3, 
            "store": 8
        }
    }, 
    {
        "pk": 4, 
        "model": "stores.openingperiod", 
        "fields": {
            "start": "8:30", 
            "end": "5:30", 
            "weekday": 4, 
            "store": 1
        }
    }, 
    {
        "pk": 11, 
        "model": "stores.openingperiod", 
        "fields": {
            "start": "8:30", 
            "end": "5:30", 
            "weekday": 4, 
            "store": 2
        }
    }, 
    {
        "pk": 18, 
        "model": "stores.openingperiod", 
        "fields": {
            "start": "8:30", 
            "end": "5:30", 
            "weekday": 4, 
            "store": 3
        }
    }, 
    {
        "pk": 25, 
        "model": "stores.openingperiod", 
        "fields": {
            "start": "8:30", 
            "end": "5:30", 
            "weekday": 4, 
            "store": 4
        }
    }, 
    {
        "pk": 32, 
        "model": "stores.openingperiod", 
        "fields": {
            "start": "8:30", 
            "end": "5:30", 
            "weekday": 4, 
            "store": 5
        }
    }, 
    {
        "pk": 39, 
        "model": "stores.openingperiod", 
        "fields": {
            "start": "8:30", 
            "end": "5:30", 
            "weekday": 4, 
            "store": 6
        }
    }, 
    {
        "pk": 46, 
        "model": "stores.openingperiod", 
        "fields": {
            "start": "8:30", 
            "end": "5:30", 
            "weekday": 4, 
            "store": 7
        }
    }, 
    {
        "pk": 53, 
        "model": "stores.openingperiod", 
        "fields": {
            "start": "8:30", 
            "end": "5:30", 
            "weekday": 4, 
            "store": 8
        }
    }, 
    {
        "pk": 5, 
        "model": "stores.openingperiod", 
        "fields": {
            "start": "8:30", 
            "end": "5:30", 
            "weekday": 5, 
            "store": 1
        }
    }, 
    {
        "pk": 12, 
        "model": "stores.openingperiod", 
        "fields": {
            "start": "8:30", 
            "end": "5:30", 
            "weekday": 5, 
            "store": 2
        }
    }, 
    {
        "pk": 19, 
        "model": "stores.openingperiod", 
        "fields": {
            "start": "8:30", 
            "end": "5:30", 
            "weekday": 5, 
            "store": 3
        }
    }, 
    {
        "pk": 26, 
        "model": "stores.openingperiod", 
        "fields": {
            "start": "8:30", 
            "end": "5:30", 
            "weekday": 5, 
            "store": 4
        }
    }, 
    {
        "pk": 33, 
        "model": "stores.openingperiod", 
        "fields": {
            "start": "8:30", 
            "end": "5:30", 
            "weekday": 5, 
            "store": 5
        }
    }, 
    {
        "pk": 40, 
        "model": "stores.openingperiod", 
        "fields": {
            "start": "8:30", 
            "end": "5:30", 
            "weekday": 5, 
            "store": 6
        }
    }, 
    {
        "pk": 47, 
        "model": "stores.openingperiod", 
        "fields": {
            "start": "8:30", 
            "end": "5:30", 
            "weekday": 5, 
            "store": 7
        }
    }, 
    {
        "pk": 54, 
        "model": "stores.openingperiod", 
        "fields": {
            "start": "8:30", 
            "end": "5:30", 
            "weekday": 5, 
            "store": 8
        }
    }, 
    {
        "pk": 6, 
        "model": "stores.openingperiod", 
        "fields": {
            "start": "8:30", 
            "end": "5:30", 
            "weekday": 6, 
            "store": 1
        }
    }, 
    {
        "pk": 13, 
        "model": "stores.openingperiod", 
        "fields": {
            "start": "8:30", 
            "end": "5:30", 
            "weekday": 6, 
            "store": 2
        }
    }, 
    {
        "pk": 20, 
        "model": "stores.openingperiod", 
        "fields": {
            "start": "8:30", 
            "end": "5:30", 
            "weekday": 6, 
            "store": 3
        }
    }, 
    {
        "pk": 27, 
        "model": "stores.openingperiod", 
        "fields": {
            "start": "8:30", 
            "end": "5:30", 
            "weekday": 6, 
            "store": 4
        }
    }, 
    {
        "pk": 34, 
        "model": "stores.openingperiod", 
        "fields": {
            "start": "8:30", 
            "end": "5:30", 
            "weekday": 6, 
            "store": 5
        }
    }, 
    {
        "pk": 41, 
        "model": "stores.openingperiod", 
        "fields": {
            "start": "8:30", 
            "end": "5:30", 
            "weekday": 6, 
            "store": 6
        }
    }, 
    {
        "pk": 48, 
        "model": "stores.openingperiod", 
        "fields": {
            "start": "8:30", 
            "end": "5:30", 
            "weekday": 6, 
            "store": 7
        }
    }, 
    {
        "pk": 55, 
        "model": "stores.openingperiod", 
        "fields": {
            "start": "8:30", 
            "end": "5:30", 
            "weekday": 6, 
            "store": 8
        }
    }, 
    {
        "pk": 7, 
        "model": "stores.openingperiod", 
        "fields": {
            "start": "8:30", 
            "end": "5:30", 
            "weekday": 7, 
            "store": 1
        }
    }, 
    {
        "pk": 14, 
        "model": "stores.openingperiod", 
        "fields": {
            "start": "8:30", 
            "end": "5:30", 
            "weekday": 7, 
            "store": 2
        }
    }, 
    {
        "pk": 21, 
        "model": "stores.openingperiod", 
        "fields": {
            "start": "8:30", 
            "end": "5:30", 
            "weekday": 7, 
            "store": 3
        }
    }, 
    {
        "pk": 28, 
        "model": "stores.openingperiod", 
        "fields": {
            "start": "8:30", 
            "end": "5:30", 
            "weekday": 7, 
            "store": 4
        }
    }, 
    {
        "pk": 35, 
        "model": "stores.openingperiod", 
        "fields": {
            "start": "8:30", 
            "end": "5:30", 
            "weekday": 7, 
            "store": 5
        }
    }, 
    {
        "pk": 42, 
        "model": "stores.openingperiod", 
        "fields": {
            "start": "8:30", 
            "end": "5:30", 
            "weekday": 7, 
            "store": 6
        }
    }, 
    {
        "pk": 49, 
        "model": "stores.openingperiod", 
        "fields": {
            "start": "8:30", 
            "end": "5:30", 
            "weekday": 7, 
            "store": 7
        }
    }, 
    {
        "pk": 56, 
        "model": "stores.openingperiod", 
        "fields": {
            "start": "8:30", 
            "end": "5:30", 
            "weekday": 7, 
            "store": 8
        }
    }
]